From,City1,City2,City3,City4,City5,City6,City7,City8,City9,City10,City11,City12,City13,City14,City15,City16,City17,City18,City19,City20,City21,City22,City23,City24,City25,City26,City27,City28,City29,City30,City31,City32,City33,City34,City35,City36,City37,City38,City39,City40,City41,City42,City43,City44,City45,City46,City47,City48,City49,City50,City51,City52,City53,City54,City55,City56,City57,City58,City59,City60,City61,City62,City63,City64,City65,City66,City67,City68,City69,City70,City71,City72,City73,City74,City75,City76,City77,City78,City79,City80,City81,City82,City83,City84,City85,City86,City87,City88,City89,City90,City91,City92,City93,City94,City95,City96,City97,City98,City99,City100
Plant1,385.271243793454,920.609398731933,802.153515796677,866.99228487084,179.858878334749,551.065391001952,493.41774482539,941.97309523446,320.496881236173,314.427482181963,965.641239707405,367.389549086351,606.003082137477,573.532853838287,786.232015142136,511.371975329985,896.873483549852,119.070591539191,723.329026243565,972.077395772467,828.808158579478,599.338614987054,713.738614075602,821.1883527327,382.780157701001,954.70046288766,247.053022888995,910.523292772788,546.59535217646,496.186114055717,321.299955290531,380.603788113395,370.12636952512,383.589834969161,333.739743989168,360.899465226779,933.713400482418,654.667333595302,505.911760467381,658.438017221331,344.573905025152,649.830129457715,828.877145382898,33.1850208470588,547.270753428953,53.8289037593978,645.471005268949,156.113844721391,684.509943947778,657.771941792951,46.4079792784605,530.097802556114,164.425005461771,96.3617349561384,911.857343570501,831.941535290893,193.892349020944,805.537018051931,709.425785703957,122.29259107045,412.303417425431,401.276124203834,540.477160442291,332.17780319137,711.595175837672,841.646864541861,178.424256870976,482.410875295809,298.432849092488,744.672320712982,604.058377821071,732.754089458699,346.707522163716,793.991905389409,797.893648583662,364.483991290845,160.961667569377,29.4453899058507,658.646180690061,374.25389264132,867.554464957535,183.535141256739,97.1381938431734,596.253287759857,92.688660150506,986.290149779142,274.826159138596,280.349919281142,588.143907272043,404.941619603044,318.45800936444,413.173125115274,834.48141756887,525.312692661316,277.446142398159,778.674390970358,296.59518011391,247.201518183259,332.18461265343,890.246992785272
Plant2,967.690864272356,202.275095247748,413.924962899604,695.101097711465,773.909084294412,694.220939990618,975.472947391412,52.1305850511381,757.026080717534,823.967661083379,627.759467427297,35.249797920516,513.017441303987,745.574567768341,942.687713691643,280.115426240002,389.359148943155,825.613073376382,464.686099998527,777.652531487048,833.505593249825,166.886811139803,891.233243207096,165.848467102044,870.647756211084,422.886394102349,2.57445690945558,816.323390307738,870.867634182959,686.791862455635,59.5366511458765,480.445130814198,569.178252845119,219.49063017249,939.015143568098,368.488472843434,103.851170458381,304.699314338676,581.203549528368,446.22505136591,273.803001663557,177.766728940084,128.708765521187,640.67990031799,157.630143676155,429.867822875521,335.053934133934,883.201778754694,25.7741090464252,160.409677482657,472.591521829704,804.497803892938,255.566698857502,496.862601014955,478.389509890972,520.156411515313,341.507707183132,236.003731820469,99.7554250565499,662.657625429523,581.197490672715,785.026880699259,481.246541132264,678.727849521521,435.889120448631,276.618479668567,431.553301591466,569.904420335129,528.298650256733,749.496491137608,158.02942135122,49.7724007000152,847.494949610496,379.602946642345,592.064620339596,296.944802885074,285.274183705987,597.907951731215,465.671437142351,808.224582942015,131.19796275554,891.809019164773,810.997650809425,195.738174697948,143.005055024875,810.103283935251,689.059720223657,42.8285070309758,477.208629142867,111.744067434895,495.130285482097,584.047804256196,309.367907395787,791.088409096453,673.880534383827,537.878971151581,726.53198102118,732.663763153146,862.520254184513,760.071707708743
Plant3,391.333896079336,62.2035278697637,811.706888165654,666.425720381037,912.390702002342,665.915359545778,510.455910255493,192.612029721354,757.083106815999,232.088446658693,873.865106389835,803.212682304492,161.254805928304,772.15034169187,748.697308922069,929.720251763813,823.074268725894,764.655887433025,540.626532370794,560.20385403006,257.457622138357,756.880379265838,256.1535121256,274.22262409329,593.385682856278,926.305211091115,314.493458556789,575.768846038818,351.592438332235,660.260068438363,550.510217790696,57.6247448265354,202.308778963297,114.309868462475,405.031102451109,988.881102954479,142.096925929688,557.913960581618,277.157743262196,605.908833257717,676.199668144611,879.383602830551,88.8332887694616,44.1897874161684,516.989776607053,799.091071151948,537.895715776587,579.703937445218,253.860507703811,253.465971347348,649.72848438954,868.889189947596,821.487211161534,133.330094331623,16.9790029759072,716.335256385049,608.328352047061,731.877978203143,959.31366663172,19.8932934243906,993.382443794702,708.809587168561,739.344508870971,777.610652774828,844.85478611696,166.88585910174,714.847852426051,770.12638460794,123.088155590278,434.405381545184,814.881214113825,482.589305329639,648.545067124671,663.911927677503,266.287395001138,738.050059038436,875.808746443585,836.801131456556,193.075052560934,570.94939252273,412.586033445218,749.365123168152,917.280229456314,939.566694436568,898.825147777045,926.496456728641,153.714022538708,523.934539016851,971.311780260841,176.810784163599,181.495225146275,823.78506811393,763.419453862453,426.894518089518,24.5552087773661,448.196766934482,894.209422502887,626.824476775849,229.768417101615,175.571157674301
Plant4,656.154725680202,377.866498434206,381.76414582633,773.192104299761,226.907643991133,356.12112885176,571.373921392642,272.576105366873,623.94678857105,437.606167808871,403.471074388655,802.920678276159,514.640792265742,48.567679379855,9.01813750061814,793.571689285565,543.122882840033,796.679965738402,719.698338552462,56.335637783559,741.807203161611,872.430854444837,992.830634379069,110.750300665277,503.598331428485,382.481180979299,764.909583345247,675.741105955596,796.288955041743,340.360406130804,990.054246187436,914.436848753888,750.66296866115,584.388700108311,241.894486404492,624.362630904886,999.316391169175,47.4967733991285,341.811829032388,526.054012363357,905.607194593283,510.473559168392,715.987917265034,876.095608458486,391.367888152403,359.227436964804,816.81448309816,959.3404097177,799.195144560528,513.639401971731,876.145818412049,2.53933408497722,954.952159172499,697.366731939006,20.0590201229616,456.313386060598,538.494845092635,931.318967889361,788.079147863202,905.463231886211,295.739736284486,323.494398675715,242.781643549213,223.39683398492,224.619926731274,382.714909575513,640.736403590548,361.908014325969,585.278735824218,561.409746314136,30.6650897008244,531.272472699438,403.583483110593,926.231924407697,152.945466276701,622.891740805932,210.298860784347,52.4093581079119,506.54240808466,402.557067325514,77.0634999863993,445.310460331916,456.757175614625,783.63771997184,808.873076364914,668.779763744197,12.3460637649513,821.693341391243,585.180922006693,57.7131846532292,603.622981976356,602.962100554987,117.841398814083,335.317910656859,122.625960083332,540.994443073546,763.378917545082,865.756060113701,619.121906436297,496.452558990675
Plant5,923.855614620711,243.679383408903,749.769300050742,510.484900638953,572.896035565819,330.447147958113,776.930978883646,946.088417721342,588.714634779158,427.734437732971,59.9529736061906,916.044992778156,224.811992246269,338.6626635808,61.7474646660533,675.843238361088,286.035529846575,69.0295688700987,988.415570751038,606.626181257079,527.788035418758,189.602998924588,906.849373464428,699.19937340127,985.130494362726,796.126376905671,95.0815072756472,876.442071031247,910.440370553445,926.489687811969,75.2300287743197,714.760847584517,240.365860662704,162.401155280181,661.114784470175,988.217583095511,847.196996019612,536.191159386125,331.450829714126,196.941072709371,258.193726894768,898.596467989834,467.754747296029,351.065067733906,109.559465018133,925.789586035867,36.0376073047374,964.576656730814,572.591765201032,942.350679171281,512.907256701036,152.430164556889,874.359369730924,619.746186292616,605.577438889757,397.873922376969,861.139597932405,374.789061697866,348.636305415876,195.837072494942,168.887198823679,422.655864436885,92.3070206447578,316.786888387321,559.420764077663,990.884923026271,994.733788475349,565.243287860853,137.82864495145,581.723504008758,714.506966034356,727.005793307937,874.9585483982,763.639774286051,890.516546663362,70.655761424079,855.78411164865,866.99669132889,728.734588347938,565.166034664677,554.195476901463,703.462488102895,808.923234998871,439.013336363737,836.26186650556,380.290483388729,872.080378420541,903.220913939819,794.948587848288,391.127590641407,886.048970979541,428.815900043186,844.46380250836,753.122333837092,299.401589327228,631.558177941406,837.643211478245,126.572161104767,186.960591917012,793.868471471146
Plant6,816.118190124406,175.773804598032,406.126439493805,935.931406313025,302.867622528166,649.829892267865,676.296287427198,74.5405298795474,762.410535227831,846.865236281893,95.6720787732891,546.063476136974,463.878412586869,623.405394168665,889.416234898476,424.7870140954,495.823127513628,211.19466563777,400.688762039728,808.136869227022,190.945225924835,271.830149078481,94.4741149230899,244.067140940598,734.312171418477,65.7530803827317,146.15893421925,216.96426835044,909.943908171665,128.57950160427,36.1073127257348,344.928487901062,123.510492109667,548.841455029331,585.900356521069,745.624377923706,231.429617478795,128.682299452711,520.695365139723,471.968638567817,45.4383806940194,987.742082726559,766.0603229778,774.586182659071,369.16727544444,685.499990347287,61.3903261875405,127.510007087204,443.925085374429,685.752707256682,603.793502173879,939.844812064488,840.003057603963,740.21694266936,705.09449936093,982.070915019899,334.009773949693,863.896984884969,367.318541956177,871.982458925729,184.031940083211,754.067514152597,764.376316430927,580.889844599922,42.3244529708373,713.940169912254,419.200186543183,73.2853441010113,975.676321580485,216.091582046277,589.606457115648,912.88442947328,32.1891601243464,351.940588632594,897.918965240181,875.984204032657,256.165936203343,632.259155222163,544.941397647566,842.083315280377,752.045947976383,842.603749243398,244.57740673779,798.383148204407,258.840582951989,491.331459478243,717.696283824366,564.640999099405,417.786982647921,561.744143048769,50.3777519913333,841.198230334432,175.238820679996,400.485002157666,912.098333737938,524.901371205017,381.999599457755,771.850642520775,107.960822111112,394.511544629718
Plant7,815.261456934203,294.734930802107,913.483847439355,416.615627716652,299.772035008679,238.033618028529,630.456108760811,723.770253183342,364.590820939048,188.749762757716,501.834402338478,44.2194485746009,144.958416181425,129.045664933643,342.029402787867,70.9803885857609,916.163518504261,4.96066273180677,887.496178540007,471.849673641277,928.141199441862,10.6398923365632,773.066865853301,299.731802708073,487.566310254394,458.868083851955,987.502542235843,793.922417980847,299.730328435357,858.423839407197,301.248467310523,461.401459106259,564.165006406685,670.300549246143,729.381538547872,953.731011646937,822.013355380752,191.296486903267,235.031651545578,800.109162400922,562.473525916404,348.404160452619,719.330988933864,337.668724817416,881.102305055514,477.397156059136,52.0721455385787,306.303923937285,456.890622684801,679.346994752293,140.71075443984,684.547193879868,707.920565036167,596.112540187604,142.066142449155,737.204347447247,193.409777435162,935.675269710904,755.953581630348,870.027498503707,827.41217933384,614.087622261394,783.841441914132,673.79134188572,994.344094834496,769.045095621747,33.4200389103126,4.0671260615452,468.92577416246,898.589638157445,73.3672714417307,342.11643510141,569.049095972048,494.367374880332,964.274660691019,964.393100157098,314.550057000371,712.065424109436,82.445596046771,168.186444952062,43.2566403488826,571.258940909152,889.521182593376,127.698538127186,889.520896107196,389.751043619525,795.610793523193,416.857330464451,861.883642017432,671.614780309747,714.498348377138,123.912897714902,692.182611586459,267.782457433765,355.551356167565,708.416001881933,479.293584648379,526.439953307026,907.683281714487,126.081629466726
Plant8,356.703495679332,797.761918298795,454.427884506557,939.069804965416,899.520306041234,738.895117036057,684.39383783307,715.407782856475,720.45917971574,952.142056235055,681.357819906342,891.962318971222,375.345921919395,10.5087712308758,610.788474481461,947.055934774173,279.71268267991,643.59748939599,165.696909004513,864.249048931892,356.999548888868,570.674491845536,167.631610395702,688.990395741323,869.408519370601,369.494688527133,116.951722854013,49.1017180355079,558.711696791931,420.82030371147,828.766061209661,238.026252346945,381.521529120407,276.569186362847,852.440074529165,416.582494026405,684.70959891922,981.402338217265,301.997757936545,610.547347704006,153.241415294937,138.742437442232,969.044484823201,362.026785964158,275.6071824592,810.645122588242,30.7076904109729,721.151924397977,820.02035088919,849.457319239694,94.5527871500355,286.081468275273,608.130361794422,487.409860576269,61.1948878718106,3.95416410821991,629.249544044557,270.60534943395,268.828997038691,116.33618877716,244.654621766701,263.444693155236,493.684475139846,605.965563046368,440.555095277445,529.950104774826,691.436163541369,329.666540341079,672.776165392536,487.583148352632,97.9479617351796,83.3450536792391,588.875805430514,25.3187676425006,289.594477067228,690.661237997932,860.459618330318,108.127353482613,356.651948537193,642.06289810185,859.672775367169,726.279054578582,578.844883713621,170.300976875134,29.9059575621997,282.096040448399,406.537728284597,445.435250476218,560.129049891746,428.923492487889,584.07359067153,669.405411375499,514.36202690272,189.157741612794,523.140450131591,278.457550249575,996.7168094213,480.540511951349,313.034206998328,850.854413240671
Plant9,152.49107774588,712.409284671483,701.480942550475,47.8845550981353,578.055258107131,514.731463407813,246.889602237757,551.906316874021,93.2911453340041,690.078525530648,840.332927929974,695.120543672465,954.506476460215,529.001663394097,288.431347153207,88.1726503079384,130.746300322547,100.444165840963,935.164720871636,966.668506395613,773.052613270039,392.582634242952,84.4464972391294,51.8705560773563,647.830177463057,996.229979510692,774.564587069668,623.662711913728,551.327770506003,888.60527901645,695.868904361628,41.2289947874026,240.800622103015,789.536527714479,299.717769907139,206.306207971071,908.941247299451,783.982672310478,697.364336625419,999.557200630686,524.436868005509,778.826384849085,832.057514599461,520.567312139573,398.292189719347,562.892887925458,379.368378116694,522.508422439825,224.555867204073,7.7228503295878,263.588158215428,626.224040182461,846.494979042468,75.3320440873327,399.535609240196,50.39582810859,950.70875379802,802.401981948302,672.206085958267,796.805503975234,356.679939606989,283.697959760404,405.765168341966,168.773452194304,460.437847567886,196.246842250207,763.74469986332,601.966949746417,574.526530157869,512.520855142403,586.722308610575,497.532572592182,842.390375925445,131.731301113715,601.164309367698,304.904434775471,474.760211760196,140.1692818844,883.948686107319,285.969550575239,835.843265714701,963.621406198731,722.132612006204,190.866963340703,654.034923800851,456.45290871054,473.838254396377,819.384725459284,95.1702230061497,127.760457998014,208.749490011413,869.443557139673,442.573895372669,875.127596526343,228.695450286157,594.809927310324,463.921446431143,516.306719093041,319.942354722631,967.474263123969
Plant10,160.458272853673,424.711296986041,150.498429437441,571.061270501355,656.138342983269,526.870712958425,678.239597316092,239.594698168719,20.8714626366215,889.698582146535,982.203850066967,678.992915758231,758.571100792958,763.981884338788,989.371127954797,908.318524642047,828.20294416167,837.225220794999,24.2856750707961,488.07912197231,642.098750690245,779.704806286419,278.376605278542,350.467192408331,66.4522959154235,325.905580755896,602.982997517455,260.748142945681,463.001939762622,305.577461723811,807.839117754565,966.907335438238,819.416763505708,384.682345588454,165.126355370918,237.841526003115,325.648868040424,239.181416103772,594.552320710369,283.932926992982,720.013301344709,297.653153484463,124.039555940769,645.49774488406,2.43901365749168,189.533142872036,340.457789655735,624.999313813954,556.33636520963,45.1800061141404,220.395585556511,353.910906441305,784.338484916416,205.080947332981,32.3750203305289,812.086855541753,990.231538344234,38.0972980279464,682.534993485932,993.361249173209,989.001348246559,219.237065836615,967.007267538599,377.192558688215,244.12752352881,540.574139950542,962.25295208082,190.745570425151,14.5665351284759,553.610615153734,567.997621484815,865.330296834113,16.9999966629099,753.787490659475,819.060253069099,18.4135223939472,719.194676066079,510.190519916841,705.608173710223,248.841710469855,363.073571997944,530.149144004975,213.800214195315,428.487489334606,259.537537244003,623.092805809578,233.330665040391,550.132449264381,630.067336559664,927.37385289153,271.62512774351,336.397714768504,242.633851475788,484.753879919451,562.467933712048,824.313946081193,435.564532342353,404.67244816144,586.688102098111,957.341042798145
Plant11,835.988542785999,489.350962544214,911.897163598655,513.009821776498,279.310342750952,769.32016406197,773.407041767838,460.262705391164,722.571178212782,112.398781808393,768.733499408,5.92166495882302,893.422438808035,705.175622252709,468.011786227797,43.3058118732315,963.910239275388,878.621932344186,592.928872524027,776.56794096384,212.959403583358,296.617504593573,403.063669616972,999.86306296885,600.526994143495,467.241154445439,492.411545869399,444.497770871639,547.247902557658,273.905089556144,300.736807490967,622.125129339316,987.275658007323,428.979110108345,132.268766229171,927.577489962408,838.807717996107,155.875988599412,935.559800499056,358.522478171753,7.65136490310559,823.716058237191,373.07723219695,668.612102224327,919.082212309385,684.807792005453,372.555551075615,911.622475977934,200.865009694518,6.33646705199658,238.455478622769,966.500254439504,315.384408856191,624.987505241314,199.885197795619,634.995070487288,73.762693339017,684.027827420651,914.391189249481,34.4458723348616,10.2201617016413,42.8332538792432,283.210037471057,578.72945494545,523.964968408164,342.871219055528,297.740242377403,252.56819828145,884.137497301694,738.450827354861,230.970517731854,449.748500200757,955.878115517074,240.587168309813,957.665680844251,908.890321110415,946.368498626819,952.104007867379,774.316279752522,670.471159743833,552.385456763012,726.158268227502,663.437680240104,103.485334281182,743.554970879732,350.238483470783,497.527200297248,500.95811875181,579.984810317593,891.978427033762,167.90982403465,967.241692475564,548.028729570154,332.363234963929,358.9635565011,346.865117789322,687.793759185872,654.071714777171,612.438699315067,264.012636647056
Plant12,688.70472938395,334.525257801695,175.175617636951,117.269132767969,930.282900229238,738.711487814726,577.911636577756,127.157064040515,752.596553387198,379.391816840236,347.177059630193,610.639508721411,62.1776087501268,454.684564647301,829.65159228684,576.963696485251,251.101837535617,100.016628542773,862.937250972719,156.815695781054,774.468977303281,101.48805873593,142.299360873794,403.587967268079,156.936950053859,945.680214190902,725.088456951633,243.001857220712,925.434586252558,435.823183553878,112.196633851094,815.040735322571,68.9049748370955,715.64657989767,337.658537854131,568.275732972395,107.471982246057,714.44063524772,742.553787948617,261.303962553344,335.080456782524,62.5546343506757,749.61213684225,438.322509358229,991.307427850949,10.2167081040821,809.391540618112,612.198319438555,931.127156357517,715.318126437609,76.0157647221633,33.481195973932,905.967777857419,119.095514654029,838.815825299636,180.408966044233,359.537477768496,583.753298475044,277.013188883102,645.384513042713,33.3889130744895,939.565481066672,882.762743622866,522.382702496383,526.069747941108,128.540940826787,591.375648596884,244.198078930367,928.033501708425,910.444028835328,707.741304871303,804.832198974994,329.057054696484,710.831949249375,769.026981328791,416.001656552798,767.884089962904,390.50003284138,507.62274853253,208.008827425473,429.364079822956,675.626766817146,36.7926982461657,926.106429152153,455.274339893419,841.753952024106,893.140303783465,957.402362175905,476.518825990249,984.143581752477,430.503865984694,219.079718659531,37.179933934743,400.597318322058,943.916774715845,262.210065037557,818.384883562558,41.4877980802792,200.699049453733,576.850589091003
Plant13,794.473736420151,732.41563793372,682.686433687692,289.563161400747,220.34353428801,993.632412286824,730.004734312094,52.6869449207157,0.701399301159478,687.234719952256,510.035032400435,212.472750725844,423.677246739398,567.221737423178,36.3160961471527,336.896509177695,898.431352633272,529.978392824404,739.479797255795,597.244978523974,865.848982164461,661.403177133785,412.610885588809,333.823037682051,770.351275702591,89.3950962645241,967.570845123511,59.8471838774454,125.051708017799,576.002848106232,850.513993693649,467.27479009638,869.785285760142,729.71656479522,89.1497112979377,760.30463763325,546.020510369515,816.429274661842,880.758646862446,357.405589617029,630.9375214421,89.4183627489506,908.632755928553,466.299711540656,713.473879324364,349.769638582618,818.011030093828,136.975268055237,730.704396675181,217.746301579294,376.748716458993,758.710857530794,387.183422696482,673.237429138821,121.648769276496,144.784612611248,688.846240768273,263.763002290549,517.864821252403,337.954069589331,678.631473429117,201.330926233682,848.711410765391,427.638177765102,644.888168525547,609.760967211586,374.30472752111,503.369416386392,173.902860997711,838.739038976532,815.258621419418,972.429202823869,689.202395074919,609.758650222704,264.01755156599,909.60458308291,672.3728609825,901.735657583717,67.0298018729511,274.755026204714,231.135831850147,222.286939471766,606.890977371273,88.166360469323,22.7756520660117,792.483938542995,328.030730722973,588.768955116766,995.626171218064,976.395360153958,187.54512997735,845.585948223025,229.484132431182,428.385493082929,347.214936327748,865.665490674809,74.0371479426636,888.888471903879,409.551803410826,752.920419129746
Plant14,165.236872619934,878.575109221961,158.520011592376,444.534925083308,449.011199671685,37.6711065461544,963.777024185996,806.423677030887,294.168199948769,445.318708444199,274.163593344649,950.417231262776,201.687240221423,801.645576191456,546.623978700595,325.207501253646,833.424303561306,953.665691212633,872.675099713348,360.343767604691,281.279871129655,525.366084931641,332.248091316025,796.495634368903,860.663190376097,912.844643426761,705.389580099432,682.248698514941,393.750013239281,789.169600439106,924.88885752267,636.173482023633,612.896737391237,957.83012718375,771.185426767757,389.653225811456,467.179902450719,568.787656510346,413.012746062259,162.589260794592,415.639734987266,997.69655632423,289.21189306121,672.291762789871,854.972814435619,703.318631820871,547.734000981787,227.947288376427,321.748993942249,397.637474866892,723.432443180014,414.078410688713,355.123206007646,874.909739436486,12.0469893257012,25.0199424127657,526.719641454823,933.485757669516,898.230126226892,694.720900767916,159.795168455203,929.628004396274,237.899887686233,12.2610085534474,807.351352768506,500.380303621297,291.349776382166,425.518567429708,170.043287403328,845.479555964321,274.983480079018,507.947386305409,234.007250026265,103.364871671682,97.8786237955347,499.974090079207,839.713747532511,327.571897270402,258.592640990587,735.390180257011,496.857864845821,786.559872247079,605.948571105004,292.901613528557,15.5442962283093,278.707228912696,757.6150748423,988.796324283926,412.215956887162,688.008910512587,450.938207270011,768.572429032806,999.207597820378,343.840318297267,216.198339117835,596.26755545565,181.427087365597,138.952861139959,492.275449163561,604.622110017046
Plant15,808.303506877655,321.449499505845,802.866806804897,836.831322601065,120.159551896308,625.67852881509,536.259769947595,254.837209845331,899.367496152169,641.446424379563,779.315947065924,879.550655625186,739.339821966361,570.860360002612,775.42366795862,893.816965235958,789.170659630483,384.533001356952,500.474015026198,149.147050580827,15.6910495458321,939.305557775497,805.70539340034,644.071454121225,602.257608503359,463.418111030977,804.439088798987,710.675118685692,72.6521092064179,712.759085694806,404.845289183757,666.744750055698,365.904554747871,163.490474760562,991.830838905161,3.7227611185588,815.044662302229,97.7362878222486,402.216553121175,303.917103070067,39.5595186828748,18.5094064541681,560.555519007972,170.927548021393,238.978316541112,859.923656167066,143.563698032491,465.91610842152,238.254243780841,491.884857711473,145.905552139342,200.624461070366,54.2313052786398,916.999093714756,619.918971015203,507.483984425872,794.82250624424,259.827839853333,776.875055784646,993.164619031794,242.166405762117,667.82583397514,476.136036337776,312.778106531093,321.721948287571,530.758191072306,768.051864951482,575.853673123048,358.939006746421,170.124929784494,523.95884077519,806.19921877908,635.169404531852,745.479374015183,619.977764630754,411.032089255741,359.196999617859,828.759684907189,766.586288318717,733.185583325353,520.715255145225,189.792330036,811.873893688907,901.846305048221,483.072841962296,664.616224738112,733.840337086987,239.200541481162,530.950651479242,16.2567556078082,757.335283561429,997.534209851069,617.081965018808,295.684338584646,89.5607583578275,246.965178966089,606.748078199929,356.426250581695,454.237645987917,395.988281581477
Plant16,866.610040242201,828.417718373064,354.205512165922,521.74662712035,796.889281463747,244.890783124198,204.982255025307,868.756362550656,282.527923302131,975.988863687274,822.977220974628,122.8763965177,528.378287206027,277.408389760847,182.22445803185,610.712084792386,903.60688758548,185.677808366094,224.24525503893,132.749198322851,608.639717028105,436.110030038831,921.891714601753,492.952700825287,126.591363351211,208.898803960901,438.140210423031,858.139564122051,351.862163056935,992.138803978095,636.641689656839,593.379259734443,557.291079202437,383.54563781117,951.323816377777,114.706045104896,122.54147354096,969.831519686575,293.310696845706,193.959384660883,870.789558839951,555.934459451883,947.687438501211,236.218095154027,393.887304761779,159.828936695308,952.850092955303,494.434072117075,510.094309598822,221.577209275135,379.816113381704,63.4687023678536,412.830762275553,970.027093633838,372.485268051838,330.185275086791,312.184682051532,251.369883814036,180.385916450857,269.151816858194,98.1040009635887,502.810659576115,758.046608655078,982.694433753503,874.843811482596,55.9021289493674,924.447134028014,966.201426304712,108.845595192441,236.746511006839,550.646288975837,959.268178261123,492.73762941408,563.150495895528,928.011842907318,316.18596429011,990.159841369555,958.627303283659,65.521844905499,412.558788948737,251.427807984256,723.912151561048,49.5999262397856,34.365230793843,785.84981988425,699.249529821233,11.2205896663524,339.841716516075,183.021400282036,244.109181988641,106.269295610589,58.1693917771049,657.713562321968,691.461133479626,608.454862570087,420.935286086371,707.821604377761,102.543156491016,614.291563421641,755.294013058757
Plant17,928.74888202899,538.149348693848,840.728508464065,313.21076760602,498.456571180089,524.937139332167,906.458738999666,563.856056387186,658.44779562335,490.093168328762,65.8792271863467,182.164468446114,195.337516593342,50.7459163811344,678.591996633577,574.563063812442,237.320962447853,289.437175410729,540.896248414273,35.0046135426257,891.610410161303,71.15836860563,40.1419741890167,209.441955833896,189.501174959648,914.473160055727,8.24020841889785,57.845152833481,447.962387486588,686.816379822651,27.0376239260777,751.088072453405,723.506496820099,624.434505085689,415.454091961234,607.541825700504,717.330048105565,365.289626802179,53.5344399686241,479.405907694193,425.037023727526,563.289376250491,921.940564776441,361.445008434955,309.627389658441,173.955333216794,636.955676349997,364.272176932997,808.861741330145,322.70491686786,743.806976978362,214.878250477904,515.558552079926,124.296927604564,147.896072821635,233.237733256853,461.375881283884,985.516530732439,821.52256616415,764.545032392415,542.303899790164,149.724917736209,429.487303128449,516.880698700223,475.201236564223,939.776367701915,460.882246828797,639.533474675605,224.747873873468,528.569612532358,881.384166032277,6.56940465483908,529.318424750032,552.711783262893,469.569780993758,812.366526327694,961.857349514988,616.890962813232,576.341893593695,816.024486475796,571.65469350244,757.571425629535,912.398099351844,494.45871354952,291.889099572074,772.853198358432,526.635226152305,250.077302828712,36.2170503551891,788.247503253054,319.21573117181,35.9845816732383,290.94701292349,429.247398712148,913.348170903624,730.323069756165,791.940887565312,845.324007607205,597.778770089261,850.467652410825
Plant18,817.526665288798,781.221180772711,72.791276006896,899.66776356873,976.527887855546,306.783074897904,807.187361701038,284.830001153171,986.684785780484,773.094788462122,994.522932638854,725.829389413673,229.292156191174,294.352559803325,712.019858884701,425.207909984184,504.83003303851,32.2902010982609,474.049686017472,445.030379464335,743.711859485402,335.48721700302,327.945131412593,337.702434088841,459.23642563151,229.409495365429,126.053001543525,575.00566874056,319.022396300776,415.198726421634,707.431861809433,92.9077556327779,515.585874127992,910.53924008081,933.466949864508,305.381643021859,533.658842984172,492.933354656506,547.941156449387,164.877943086255,609.975510281973,984.719988036917,391.835509908154,801.915442697412,149.729956268025,627.996986882835,775.218159026608,572.379163148089,915.42485442567,75.8822110889061,703.335285612748,358.199570684789,543.469124725877,593.198689207951,277.032156556192,499.115600794067,494.13222214857,908.160417592068,914.433595734807,673.83039993095,561.216182822243,67.3424110890174,744.747965356937,247.621781235348,95.1151217086535,825.204727779726,637.462566084322,700.63462777164,80.1973017430985,766.876068054641,613.407640795533,912.815535144653,909.233307766697,205.191625573105,359.173413918094,806.055307836742,306.470685381037,260.528197630438,362.838204459343,329.86769934512,769.419555638574,806.297478407875,258.057414193218,774.908377252716,104.704924433531,608.665656035047,256.206171540068,143.747287498519,377.087502865858,603.827399800779,309.657491188604,164.711878835142,387.719798721019,547.638404971165,629.695102342532,324.221500283212,366.081327841345,686.373273254567,13.8720446309663,29.2397589820548
Plant19,287.5576107008,511.344189269504,258.030539965338,765.190918280385,258.426919480107,917.619218923764,531.888889515267,376.22846624305,600.778007674527,148.41373413913,338.040840196356,283.579247574794,579.037130099528,957.655013463147,777.612159691294,172.997330377363,658.119062929215,25.3875069804939,272.220325818294,259.381932037843,857.49757685189,514.564714769456,404.548617332285,356.034850502073,52.0317559238787,15.4369443494946,858.998444658495,438.714473638094,211.129376698042,619.963270576871,384.080823333943,508.968729197092,727.581497206851,189.805111355386,810.440312253252,450.035909838138,163.888006285557,449.820181447257,685.133668407552,433.043224473689,575.863103062346,129.755952363109,838.295594237721,549.60132279374,675.490623339717,162.459492950367,60.4270767413011,40.4176820467596,981.671457594461,153.823401395557,790.969344621865,870.67241796693,244.797823749239,448.504256371794,22.3795324341501,88.5538245666428,46.3163223673912,499.257574305203,925.461617844221,601.054525660129,489.986122972206,139.000647331656,299.01317235597,983.904480688647,52.3118358117041,176.152260178538,748.109061842417,168.705305865538,718.467271238065,204.812191064793,878.080131481134,182.818412742199,983.885681105489,174.401763375088,940.483466927289,481.216179364103,969.520093108523,856.677189281273,871.895808724021,391.08783402073,892.06883472639,518.606684910483,504.970366280705,605.547690819075,765.347949413993,288.961293549899,225.749366065509,971.248005388608,835.479525382888,217.088448573546,295.89875120866,845.347290395958,534.762501921146,770.420049877418,495.627629816248,481.442515236357,845.477441000764,660.391635343129,815.530049204721,991.47497734736
Plant20,173.661425882714,279.594957361935,124.819285494234,745.904173913363,320.855644897888,159.423682783954,388.866501456487,996.935369302778,883.260247998957,104.873099687483,239.78085186376,796.632756470031,248.288717237195,601.907736507243,374.516511932707,723.781991533518,201.932233477944,32.8261617750818,20.8172035822449,422.260189911088,668.431793410195,581.580260881329,631.197942818636,550.775007927195,857.893833309982,343.055747451204,128.014520349061,183.881571726574,115.086531580928,205.768836738689,426.330470039378,625.963821672983,861.639954196892,644.93303309183,854.556475485081,930.973172226152,969.804770797062,263.643217192493,333.273286059771,290.305540640374,279.520049747067,368.797137071179,982.43572528825,865.485713365648,726.980649739646,76.3862311295852,744.56091056381,832.769985964502,332.543744566106,215.597577729849,660.531622319434,506.389722543405,600.312852806423,704.907342492806,879.810012309365,597.6967563001,259.496046109994,548.873703183548,145.719124213445,849.415972688078,167.628020201489,811.022759740844,384.367190983939,766.974108010572,365.988642520749,416.494121086157,769.239601380381,752.680378980216,325.148262752768,551.316238008232,744.285138663454,317.397573250599,226.575332012004,582.14460248444,269.482632617717,953.240699675487,822.98258066503,491.299468273621,563.057054989518,797.632898377377,274.913061482371,277.586322331501,945.680866259351,378.982935162928,506.987861019938,514.823098228276,872.784473078882,20.8733535776048,833.676348166151,255.978078840154,600.053085143039,527.239996167796,443.036077026446,318.072605457797,68.3723476597626,234.998487094997,875.555895319126,480.760818817596,69.5761887880238,254.15892708394
Plant21,52.0835706490461,27.171210677921,806.155357061007,934.229633360139,717.57085988968,46.1851432283877,738.278236891056,873.172441625934,581.328637145974,780.976728197062,742.237508091484,986.967250020808,34.7321028941449,278.960842966165,954.517980221546,156.299885249487,878.297425659673,271.338579480529,86.2261194420563,441.014021801073,379.535136243206,625.138226502803,973.903260348404,401.510769479608,726.731063267388,992.996870964901,949.828876211963,757.331325040708,463.980946707397,751.587246662943,987.507892551297,35.7802486732541,488.906406180155,175.698215681412,124.964333223703,895.366301749066,431.200127715684,246.998518185217,268.174775001831,789.278789282443,956.518660193909,912.199369321366,275.766570528996,93.2950676297742,519.092373064657,191.093751995693,159.352607751536,994.981143305868,201.966359965107,672.828656967471,929.382435152923,979.313465837043,813.671659336412,504.642959052577,378.132395644654,580.528830585952,777.666661217599,819.064028538337,801.02299185182,452.374936480957,363.410057401871,343.332048556039,539.450876624121,270.061988900702,119.598662439601,111.423433197318,114.334239410096,850.691065832261,13.3360781977581,181.898139212988,684.874803181309,473.687447852948,23.8473872566837,108.498048245078,728.327611360832,572.669437186356,578.340250956583,798.164487868564,827.890705753645,205.530158285743,725.121161478787,531.919079850944,638.471309029056,361.327876908866,379.764383532494,408.457205559718,136.353409865774,986.694680362946,974.252985738812,445.548675595297,295.46071706495,235.776394890612,859.848339817271,908.518761401156,649.460207657783,837.337893904801,582.790191998488,589.469770466556,386.631933640756,711.606917272965
Plant22,428.652042492019,418.235803948581,600.808067317241,800.800430147468,700.476289873758,386.682587867309,88.5761158066256,120.004874302337,755.240673665801,561.632184006311,69.3271535374864,80.7029399720003,246.479577399973,214.933583144925,253.49743713489,419.128276127851,544.713576975752,849.184436770862,81.6818031914648,681.086236402829,42.4667247452348,478.156700944055,392.073647744135,748.958925208347,826.325757969343,831.96890957917,194.089918119183,562.330750291807,70.7379172969692,881.173102461821,395.058221261086,220.50495143043,14.0974169776544,629.845664021335,632.317936302955,373.871142904865,195.313670964809,251.429781818274,393.883243247011,856.567402380219,362.903756207651,747.283993885174,582.754645513331,255.43035870141,324.143861976447,900.321541024646,737.200910036393,264.483916880213,966.217475093899,596.327021380308,942.076024917492,95.6273057064782,1.20629321129769,584.777665373581,241.152515673972,399.955915654202,641.944153147765,911.265594461332,206.319170412174,417.831742534044,559.618709810033,562.337026336983,943.651228139835,340.350851546086,460.398243930477,647.278876234395,989.260393691302,35.0244442791552,161.045495416992,203.769346588906,223.081243232625,751.172548052558,546.52279305505,704.032423205281,569.075187911681,434.181519122765,565.429674798734,344.306032413769,73.3481652540907,514.806662384753,412.391961257505,964.745359661519,362.402641221293,216.461752569081,523.155301844936,513.246611026682,32.9240181240249,240.438097009072,529.565915617706,320.054742312616,808.498742370692,754.611763384917,608.217115994769,659.294039551896,262.945814411828,434.487002009244,682.138135132527,102.438350918154,196.743041828746,93.9432621276215
Plant23,11.0401064096528,802.56453794888,88.735809502666,462.053669562907,242.060213446946,847.984946154767,34.2710937439292,243.677571297694,342.172435125648,955.702150271582,916.228434245178,691.133517163919,397.392688126253,615.992634300829,35.1474743653452,359.182583434671,96.7546031599491,694.132110298259,13.3067622334465,292.296237341908,601.518237628535,715.524770404773,153.470825082885,791.166217704251,938.57776743196,299.288589763297,414.858056804605,153.842710507282,94.5128051436618,623.943669038262,138.344393204931,398.523881227874,164.835286104278,81.3309958098462,649.128348025002,192.414840152902,893.554836016007,101.587626328392,234.531922620392,828.205784570108,890.173597080055,169.771421072246,609.183885869898,934.368445532633,690.942707150528,361.136304388262,889.757505772014,430.261005865137,992.339598355044,231.936037933682,204.598585030227,833.575959498376,995.014692437963,406.315626244245,370.675934008896,528.960329881334,930.787126269211,103.192078323858,4.32418267678539,416.333633019482,900.868700445425,163.574091688866,806.63720576757,361.832267104349,563.682303253983,733.597838447299,140.030233351186,585.886012896771,859.149276724452,502.426448321483,528.466479985041,47.146869586078,387.308383853978,338.421773977627,16.5982465786031,234.400857962143,393.864469975296,808.023909607573,404.974164909156,327.03807200339,139.395963275735,80.2596287343533,142.618554812904,525.530841729478,800.18337198455,476.566867365249,327.083149870735,300.154524221827,704.048543511283,79.9455042569474,353.496947925959,660.915206809175,847.592849155667,803.297679697685,916.911339496994,307.925840475798,653.13734620358,636.100026234291,840.556084961188,158.675533507405
Plant24,418.398186443354,349.089599306626,480.357060653611,729.937758933681,533.391168544174,89.2036686512915,217.475157429037,599.666558141107,452.928320960384,540.521587762527,968.351022382405,337.015796561987,132.286673343729,923.41572300418,278.70374533394,145.533327969967,788.89749188552,701.30445861092,175.408021430465,765.763774749214,784.280395566797,60.9749393822436,757.602251126844,940.809448807984,311.397582544487,671.390462463716,743.149090302228,452.823217472616,872.966139692092,773.199129680178,624.812790572124,403.250983412391,413.130599145699,541.728459885185,721.379809033141,362.070986665505,360.310190471354,524.845910212629,565.766876841162,365.622973698866,747.777423973927,59.4619760426194,293.047083859442,135.809528003183,625.506966667886,654.032668876682,139.899413327827,254.627044275539,832.092325620599,964.483524526232,325.474986283131,847.845511950393,532.407216464917,333.859557693001,695.304967013137,943.056188297741,464.326898282466,654.030358553368,289.48229190671,19.7923451577858,5.2001342494542,241.794654731146,283.421696981076,733.406964894209,824.721162064965,740.955417698842,478.465127486844,369.26585734062,993.006372083943,172.941214971878,781.272984561459,754.104850542151,196.799999681154,591.326751201678,724.711064237225,176.650439111162,442.429556111435,305.453953332722,852.995179190124,117.611988889143,188.618860967851,657.267182489661,169.979933528193,193.834549822479,293.492376774057,678.821700581256,836.367337807798,11.2490308899061,955.173680372702,884.560442836447,58.7319436848645,940.856445002488,677.314969690268,373.030564326715,39.5244034874455,19.3047811801254,878.046191103949,631.601138846485,973.377207754224,784.577055800176
Plant25,179.679389636813,248.181199841159,740.973643090464,395.82558467244,439.612009724588,54.4186005769187,494.549181524472,991.283816738823,490.91563469605,872.534828792371,673.144807290196,160.203941244887,166.849566363814,336.594053823404,414.068547876853,294.805702661077,624.679378889106,680.981726198403,608.185670661096,978.42449742611,855.383577059362,46.0567237881561,473.976388024611,882.051082893802,612.954511378226,59.6530116837932,173.673555975475,122.432947799789,365.171141458918,167.792066775988,155.374944147799,429.18980452427,638.764627149744,833.155920875709,553.759074999961,534.313731877637,837.129747903738,650.360123657842,796.269179593788,557.560714523166,528.828655366087,168.062705318193,939.720345670458,939.72345082765,477.321672805121,467.968326271603,488.193714293539,174.871308404267,974.976963055851,351.361243882323,364.905436678947,521.579122868973,937.174086915491,764.68907678292,511.197452308391,613.533684048121,935.020992449436,492.79615393242,862.002250211015,488.860717477914,452.195305013634,922.071565289675,802.086076273588,830.446300226894,253.422716696475,513.196130830877,976.87476898415,389.902515827727,815.561837610791,116.688346568739,158.834364528555,323.768328837937,399.993658092331,916.830474687599,968.993792479596,304.150478825918,757.795152853581,924.590853469929,301.185615327177,19.3252954388744,979.408888790012,877.270534528484,872.632929034545,397.218296917793,413.648278215777,274.470329955919,197.605267078454,234.458889297041,423.32863344894,143.480747452291,747.599344566192,386.771487190933,17.0723807260302,48.7231665589774,54.2264516037988,15.9431623211513,853.437550188387,930.772473956564,587.253963693563,510.186386733652
Plant26,785.356779487711,110.486628690077,160.25899102327,570.401509343143,960.988620104886,574.953762144836,464.451377845891,331.853380730864,210.387393493537,200.654514851304,23.0007583690979,221.3338240679,183.231755080139,511.146358825787,850.241847668329,3.08816450498686,685.368264035717,714.550373689324,765.722559032774,76.2229398578527,944.665097269916,828.839668172616,644.25710509356,318.851168388036,678.019154843738,96.929161427422,494.297401616105,476.229060138305,951.695911873472,654.918073424335,670.998766007133,482.280646120886,932.078305351464,866.696722772443,710.034710707354,634.196120763426,462.136551736048,971.90270878414,685.236607172778,184.130938375752,121.684342599248,270.630569463493,786.680844858472,98.4184603870386,60.8433354066834,309.606714777834,70.8702696325137,761.804532077855,625.63060405878,160.551160423607,329.323343035655,992.246518031966,29.4645832641122,784.980013067784,859.344786932252,721.390490014833,668.827948936291,66.4823476914957,546.323664809944,374.886733610236,305.96851170689,178.229106137978,417.618727114231,992.942227738779,132.011347684721,349.485308785915,892.482496667986,699.980131126677,754.003502634694,746.858398660406,395.923015103471,737.719787746792,567.731961504643,756.157630447115,440.366383090932,943.131231165573,936.92517402679,918.556888089225,479.508764879841,621.794325649146,118.921783046869,719.187328537822,691.6352383101,550.941937313762,835.05927791263,255.458734303107,687.597764885255,695.086388410585,165.5235454689,57.4141963658539,550.30894954114,490.275553325119,831.843313524875,886.635456346551,390.910455903886,356.915626247092,125.112982444889,359.838673603894,620.335159432414,455.290815499768
Plant27,592.37611672688,365.093382280831,91.2826884476565,769.428612357407,922.930985011309,190.662836899474,350.369405894465,658.485104760205,375.186991577993,861.241363625256,604.90506779053,832.492301878255,705.132998521608,636.540662509676,57.5095739867883,792.779246585733,421.70296380628,312.213940833551,577.454794734462,306.552747591979,366.169816021988,865.933979334415,954.785474632513,327.772609515013,246.483414760964,545.779836640353,255.634546028292,588.302793644129,96.1315618951501,543.012981605731,773.589311612129,972.756349147428,805.235954752177,583.570279863421,696.778606865232,46.1916823904196,341.381658317805,521.219412865656,384.128921415947,537.743439689273,157.646525775417,153.655150264744,597.463159801554,433.139427256639,20.4334023070073,938.075057435893,611.158895326665,74.3918622694841,617.273892648085,209.936100003257,779.126740312361,632.479085090327,73.7525236551753,950.420780438999,242.828018144273,41.0012194598409,97.8542602432961,677.629815694144,783.968418142364,506.98644310451,17.6999694986421,28.875395042032,304.385768670569,910.449166251322,406.318746785065,554.104742803222,814.826763008508,329.906929585753,633.572623347228,481.573606226107,190.763748425967,884.401932197527,282.361939069615,312.83595024606,960.07984186857,839.760136534975,176.176454895005,468.233652452065,479.446106065102,488.797522807199,448.700072005473,724.313932030764,708.894716671235,241.531153765054,973.877332606378,450.4256064739,285.575835446454,673.435338499008,894.48675063954,165.322881245614,120.140196377082,387.418114183188,548.578294223912,475.109006616554,724.747856197225,986.092172690424,701.771155763096,228.415923077405,291.107316697112,917.992904126384
Plant28,5.49279222895474,179.246079182656,938.240404409284,785.854815616425,817.710432718503,106.932330365043,820.016978682653,122.654559633661,592.558498810961,741.060980560382,884.863156186605,911.16174607147,981.516512112276,728.850377166149,614.861444629823,155.82961893892,507.115219499598,274.868917484069,315.996725251228,884.986570427092,154.286892351829,498.678291015461,843.482114924701,603.651833708975,543.776772417133,494.268786461666,150.34713611633,863.903047470794,737.962808024372,41.6728661756098,137.785570132825,73.5727448678845,340.91171619027,372.757430189986,132.456021949637,308.984925635853,203.226444132464,951.754896635838,446.427896150893,318.110167563161,103.747926406775,814.054202712354,435.987340877298,680.86575457634,642.081756754453,776.645889836053,502.536906114378,615.078944501388,403.484985969952,944.16703556365,436.473001086764,57.4147256351238,37.7136283708831,31.5821032938163,158.470531820195,233.395371365883,619.275631456853,824.243747580259,130.400127926217,783.658310952457,792.114205027211,144.771945067961,245.247573778088,973.22730757053,221.077960829884,361.370181276006,758.09544450354,450.810311328983,838.827068733557,860.710913447195,139.61472581047,190.639935996139,856.764664651423,562.419776108906,950.738590581354,753.246288021148,952.185250290244,281.556859514668,791.818744463931,917.838756748508,590.311652841593,96.7420396971979,857.352261413502,521.062646296636,72.2243094369033,829.555224499173,103.211129672759,726.273763572399,610.039294809539,818.805611527387,244.815410500814,724.756083582504,460.675198780491,667.881938671876,164.307253374374,653.365299455495,374.937669462787,711.186578106212,945.485193633257,77.8166398503843
Plant29,76.4084482606799,504.990124823815,186.7066365332,425.915006261256,944.690237506513,909.64011478054,354.695494261424,168.426306876181,351.777045581461,925.499771447091,730.805894643974,51.4282445596411,137.29877064273,319.698234492704,641.385756561474,226.009608994636,156.238447406895,156.299608678298,333.425567384286,911.810844624087,729.77741710401,125.137031225063,550.018921870955,748.117317750486,231.15244165668,191.978633574206,915.922278596995,621.766718766811,436.42644276753,986.775513735545,667.72224798225,70.9210776395519,431.394794883371,954.504183000905,372.917612288393,524.865504110222,829.659908400572,471.080857166627,408.625549322804,271.411644593297,241.093755370067,591.474931303634,398.014959170141,302.032780659438,458.320645654356,532.950860398482,19.1247115082601,914.533088409184,382.567837737995,767.934353359858,399.753905407142,45.977867369241,115.688985248066,277.831736488888,25.3684532326615,964.836157378697,594.972009407986,805.215160810535,912.378562760128,231.774144362626,9.76699454271428,621.071424278628,433.355148460665,414.546331246465,284.608219196418,271.808213883653,718.162046869487,517.831963219195,919.366956327971,50.1207915115254,240.800815708521,524.814103766051,993.817740044077,199.238768051066,796.579344079642,770.864749857752,135.566247341869,733.178865832027,151.280731797749,995.48512447584,16.8182899659504,807.527570380343,952.024226489445,112.835827017481,422.140165806206,142.929544365841,953.392433733936,569.718209400887,359.450089749706,277.861208410023,304.89015701507,120.750344113045,180.655417706184,522.0213633888,94.4693343582601,557.430298550712,233.753697153996,214.484386299455,919.713697368243,735.342136428627
Plant30,944.795349803574,612.428467318939,444.782016332648,917.558833181474,569.832707530439,369.217360488886,638.737562962515,172.785899374037,496.274170488497,964.74443273268,378.817169517344,773.592367865707,666.70558735442,412.329563108532,638.441256514704,332.293955140316,66.3347024371183,545.484225399213,414.427024333957,737.937916520101,351.236970035165,599.310251401529,888.60974569398,783.549702164062,963.464436707416,384.342193482018,810.237385479631,308.813924560553,255.506112653394,836.095121590454,607.243616094035,11.3674089253447,630.002075415058,829.92644712352,991.194432601156,192.375771493446,507.119353070921,649.488418624555,910.020097442234,102.118551878543,857.418923799936,302.407630972712,105.95344331686,851.412021703867,228.988771290456,260.340155316048,239.956274917545,517.123474905832,413.176280687315,530.906626161207,632.058026754411,558.27243442591,159.206952647079,279.552976554306,387.480308675295,977.137248269061,477.925323353551,470.890833589976,7.09664423975335,678.11866443357,383.311191174087,890.743932546545,227.920013199898,387.354449018696,165.123221133209,441.315556763109,337.232273120999,237.140532012187,208.536001534938,713.302585982363,205.164309947559,819.554133479059,947.034068136906,357.129263215372,365.921878104469,596.725762866703,764.786912781103,148.464497810413,283.809170020159,683.963497896929,518.838845836787,999.060909007476,325.384892143885,862.33147975567,999.311496185379,214.783407657697,387.507558387902,562.839889093262,271.014246911603,418.614131276985,170.870988382545,647.689041787135,141.33060644042,151.267826965763,567.587715733651,842.952854788391,12.7623474976919,253.795213413928,30.8171765541692,104.205002699104
Plant31,509.815629854702,176.073164317391,652.164917855495,188.750778709303,801.536145101972,818.704113280305,24.1155519752921,746.714062822451,511.203946996492,51.802160352314,776.811512271894,763.996384857371,972.177156723136,268.213273206601,195.394248570299,824.889213949393,711.27651356949,899.928802266484,598.963290244134,780.800656396087,331.253001510721,201.738152534778,775.169421788626,794.552311751065,94.1674258342751,919.830746816721,729.909332427585,680.551527906908,795.859418792432,432.706509662005,181.469011892291,790.972433038577,869.099598584389,123.00197758831,350.952108055431,182.466612700448,965.818672865555,476.566746060066,240.395580873126,56.3923676483465,83.1081440688798,108.105121015422,417.326646701872,510.664015304038,317.538449366434,115.087192019339,473.61106839815,222.324255579489,268.633021481632,544.170282004948,254.07786469687,116.76277859039,268.142098585483,874.196688118386,893.533337825872,222.473194691809,861.688407852657,763.933402156452,287.955948918175,479.490745140921,146.621666441841,517.775917152673,490.390848600007,981.634656081269,306.671244800321,278.938298785355,852.907292662803,773.311386937608,369.711474712283,950.006169913376,946.869758840993,259.800283339798,489.216716576001,783.224989130562,457.206569599801,257.570805654686,778.99223560807,490.645419949923,531.477419277755,753.255792364179,18.5665233784404,252.275723085412,931.878373117087,700.488794460989,6.94875737159569,487.476626768589,653.911313192932,945.085616326019,556.949425678914,840.935805580477,245.444656986148,104.691406742817,725.036515929982,978.041034878857,23.7715565180718,94.7611949400384,823.334642210311,152.483320452312,50.6261040735445,556.732878869279
Plant32,454.828691933245,138.236514799295,285.182723848901,735.656146457672,930.078704817046,156.578247998035,62.93188499511,287.845566230015,253.830504982034,710.240961246046,654.663671213789,289.658742264798,497.159773362709,706.493790589394,456.500000358936,357.859490303174,302.394813342843,152.387933715235,707.477713655862,999.807752558252,569.215898048851,468.721908161028,484.688196337543,753.982652661906,608.397551881945,922.250529185744,600.086170580146,328.851103783792,584.17881876474,633.568481015338,361.43303785908,614.678121719058,336.039839368681,25.8243865815643,937.890919100047,707.981749197704,855.976998004529,440.465682934387,659.125431543677,901.315198594302,470.831946146657,326.445245221872,407.516268523938,460.495501400375,475.343491538109,526.68334617038,895.980736394844,802.412021156093,419.345309186797,231.281125472685,625.577042105417,253.814293312155,424.34021498462,597.061509073349,272.242736126468,725.164630806545,424.856044555994,119.519379588435,96.5952989340379,341.874271103301,920.198569314614,291.959760204396,222.717662603161,172.198421945838,78.1218802692798,804.776355593468,596.186204080805,723.85597984025,5.98126882121315,422.826409791434,476.782439635789,805.237746600785,662.374119101764,393.276638408056,590.539264183584,679.234222758592,789.637129937081,164.472987405038,725.971808067033,903.589459688026,19.3332675086915,764.23480425268,3.3041870590461,782.116568951663,660.66082230701,73.2455166428175,843.550964445864,256.535283484888,948.284193454616,648.160760276648,172.143138446234,260.066722052087,136.389055316584,320.70123988094,2.27236963764633,756.538606663745,513.656437784019,688.938580962176,537.585900628235,999.482706532122
Plant33,668.466088788859,248.79910941977,404.728158417547,346.429955556403,480.630645763589,417.716829322455,501.094557652317,267.193426381001,370.512854652972,218.937576170995,959.436513686284,66.7412769464823,578.037310478395,128.092854167296,554.003619664132,491.284758691638,709.487162284571,772.933039646945,398.245318823778,213.707893830714,83.6449055300292,931.978340499701,410.493231018258,903.733143048115,216.703159298194,88.2802013022923,790.215156061615,596.434016501021,440.552279684487,45.3834030831906,502.167668272042,994.03119035667,436.45988347546,477.235994660274,156.279448710245,582.928659618214,262.654347998128,880.102592877789,923.801729726591,262.446222891961,534.7244201,842.137677904823,986.077142936784,664.143398390448,886.515511579723,203.228632362815,775.996803585151,918.781599412465,73.8763433401086,296.453612927224,833.572591035482,577.74204063878,705.726215661828,602.60454978765,190.498493328152,725.520687812762,599.638211300811,492.239103621949,249.332415329148,480.430109425456,73.9898071652524,959.962408679301,604.148505257171,599.571041485059,859.540267672595,39.8594686323353,555.24371314269,573.232765447128,337.372264613288,105.67324305663,770.068307135966,897.823297825579,746.859481884956,839.81951122342,254.981573577916,50.5384415597642,521.314562445483,774.567475907133,800.405944009864,698.577599056248,799.426042761327,527.792969511411,825.490805675833,570.099808524877,562.91242457924,649.128238284984,110.803929259719,456.464184523459,879.974510552753,986.011620125549,911.51678926364,571.68897403376,625.242029758603,843.65183637288,921.388375235241,118.761703526778,647.727001324624,505.072849660951,666.211945998101,577.545570711384
Plant34,500.437014116196,420.537495972503,370.444646518095,637.008970417896,474.261951197774,542.500671142132,498.402066466669,327.789667732311,553.398786907591,764.02571613122,798.314241427454,112.024602439886,447.663439164348,479.115054117512,346.960768101168,510.438537213841,653.976106923466,322.922778522834,243.538403102221,834.823580171875,13.3200391893411,989.265772171746,856.651858420676,374.765284815627,888.846015067143,487.276658113388,328.607054630923,210.333337582159,867.098459824872,753.366890910028,713.936938382195,432.053698926194,37.8297366486045,948.41612867333,874.489566558511,652.914593180297,472.165598032995,941.907332236859,850.829135054867,123.027012375396,342.495224953287,747.173747934402,435.966415505151,145.412619831254,212.513640174829,146.254010123718,300.690850591859,403.437876692755,92.3155807986491,556.072863293368,570.447472504312,485.307790956417,278.322572348585,928.900168360525,168.218188531658,335.624277872624,40.8727391495154,735.931519713508,413.018294254082,421.006412326375,396.788409382096,146.865759044949,168.982102693708,983.459542846782,589.414726818291,53.5617284237443,928.438193797384,469.002859995101,923.421552224484,319.937829104952,979.55130904816,773.058078849851,653.429924759931,471.828173200696,530.213686927802,431.016568737713,521.072882542979,710.210450013677,950.54614633027,173.073180240579,189.691401863077,918.303794735295,234.074818379159,887.436335165766,658.795034831332,198.96989375932,8.5874451880578,397.767300751425,819.032952861426,553.974545821474,710.538813004854,766.519665685752,619.269341519779,147.681030696606,355.479336417854,223.499524811922,986.715314139143,639.09361405427,310.700940830397,162.565945327202
Plant35,674.867083184792,597.47753207189,0.112589034313119,53.4134977391082,784.985890211201,490.198041581796,199.531028130725,601.631083259905,128.678405168408,459.18011110543,816.358164145291,191.149641768304,989.817708353344,997.443704466076,200.560955277815,698.949864613152,561.401746271026,697.584904020323,142.939987186802,704.582404527566,368.302673700839,977.875709101596,742.258110730736,126.452786135042,888.493161928768,203.011550755644,372.989948541421,592.87047237585,343.707919089836,255.635507760579,688.529306375292,176.309588453578,915.138846708538,232.372775299095,208.425624588888,65.3189559313754,606.726183308388,256.207907973221,76.9691305622581,338.626633222033,125.881210124304,914.194171208831,456.326059801795,924.485627089441,98.663226985847,263.472096146195,144.219763517164,202.468068790268,70.0342709276302,261.072751496027,182.231789065624,204.675605295545,385.925919103783,867.081444863472,111.585353482659,404.876016774894,920.569567280158,19.564398673438,404.852851724584,23.0134280865774,58.1946201651039,290.911300277208,331.314246220595,509.126595521439,442.277693325915,145.039315412804,788.026677169714,19.8079827438067,339.625810373317,575.329343393953,948.951671684085,780.586638042861,227.46395847504,396.098629668737,576.945874854297,190.043153632094,180.933913513893,27.8713161667089,557.664548277492,427.618702016021,87.3740136110336,373.50944312025,897.503735590261,162.989731399699,752.594109054152,206.868470922295,402.630833311802,137.959385060556,158.161730836274,778.795417185419,372.525786184138,908.845693929169,992.865372868075,728.53017801164,534.41816849265,33.1284029518821,843.904634556724,876.093664600953,156.516606737436,573.363358484387
Plant36,951.454698865167,695.745160532186,407.680206582327,530.83355942349,110.97427424189,379.201253060262,867.734312912689,710.422902850605,137.124110464123,624.096957451739,20.9799110070376,584.897502750625,74.6844424175256,758.720523043285,656.100210108018,288.591558106148,728.777216305466,568.430616831174,34.9544065588613,887.764355723413,913.790944471223,459.340932341431,542.224708594626,767.276985590087,282.699228367515,465.788741127256,154.637665782182,965.965797581495,730.490073398251,376.422695855205,28.7410443995396,3.7256044582247,231.101586441954,811.193224159908,699.946405114529,279.000228154574,478.779934730856,25.1297065568855,687.447822095209,384.758189843662,148.665608076821,279.591370822399,191.987573147544,638.826356348017,29.7395778073949,53.6482187706982,826.810352196456,754.313800884244,549.170260921167,404.09673224228,697.586888597035,103.1440661946,135.174159568299,915.887217688371,554.706490723581,10.6688357592218,157.345061857389,117.723180821642,597.788299581218,124.478105174343,831.683469946001,174.369260991298,848.41326406801,850.310362820377,823.97288951007,966.932248647974,493.964616524195,597.009500901641,684.064289909344,186.535339393817,672.739910366122,110.956218670258,448.609102697086,233.156841032657,680.222278498663,194.317167642077,449.683812995781,884.411658162767,139.798111552179,484.286700245027,658.951801713599,670.514683968789,967.845641504538,328.50323630779,236.677197354716,949.620436786026,337.380026081965,79.603499969062,286.711127616146,854.472000200647,860.688945171589,600.163103678789,635.628528495258,279.40391928443,601.671650873403,511.650593038924,643.030065561839,367.078844595606,391.813528667112,325.105174995836
Plant37,862.731378766646,154.458990236774,875.488352183911,630.576415073843,749.89361035748,881.80228264904,958.534545013712,740.367555153165,147.050159817326,221.195822704525,87.0902896338854,370.580497193741,156.189214544994,862.645701682367,942.670502394484,92.0023981243421,738.946859643903,210.62527252083,541.048699261465,708.257011817459,804.226721656528,347.986484927894,423.308297897368,755.987251759292,363.068236072616,339.388087236585,385.474883747785,522.642764934289,719.001839692949,707.631617426438,856.296013008758,979.24390301562,688.206134451974,345.877375282905,245.190585320572,456.994726933834,673.67105197331,983.25387514848,101.738313258228,108.065899313668,936.970371371316,765.688249975427,939.702436750065,546.855956835357,911.429239812489,196.897699524989,486.653115880029,678.407237689677,850.946927067718,860.553203954755,163.585392879145,954.524912187665,431.817607751217,184.723574873071,482.075882013459,340.734076980747,296.367711757863,689.192573412725,836.106505553835,255.804420204789,138.863178444936,576.493870604933,813.276361996795,83.4095574191117,34.3877348067329,227.609816804597,467.181566307213,775.097932910372,199.799229342766,917.586078116843,423.451652840514,522.072414603168,713.984589990124,195.894156894304,566.491195524707,342.576971444538,604.884711522857,928.369695017538,586.861443771378,171.119201543437,186.42029152066,824.615159785031,971.981892667518,703.574701897982,498.112998043095,174.933249084217,747.557275117804,996.668352925135,821.853300095581,869.464886471724,139.808838861785,358.453890066526,712.635593254824,682.073950967377,495.784546621652,208.360894659009,699.001878954839,823.740855114671,595.321165704717,385.67448704734
Plant38,766.454587346128,635.473228356742,882.078419406766,297.913433195824,757.710008025722,710.948812095941,90.8328158500415,263.076356769443,145.817291015796,200.500303561877,221.575475820844,177.695407334901,160.030624365719,248.899342687354,755.575368887773,690.289247909933,535.559924769326,240.468448469067,8.64243905610135,621.965679081063,83.1279646143188,79.0041664781596,516.803598230423,810.869093778763,320.871410913871,130.765724354854,412.087478818659,6.09363808233537,969.778891669077,97.3609479402625,692.402043883867,854.276826571212,898.956588361553,176.090990398209,363.242249735681,390.510601422541,659.65063879452,114.463799264072,51.3736327994914,672.606156988288,409.570626049697,661.806280916764,289.139342378796,95.4086604195537,590.552142307414,174.422557286263,984.513885336476,427.80257411853,40.8420808942144,470.475947592945,166.183536206724,7.59095171626154,360.787214179847,808.171716125486,237.279663964193,123.669951607418,538.812584873165,704.468841424899,655.90500134543,471.268590068648,903.382821197356,668.729328338849,993.879638834095,755.998747463577,804.771638910374,671.525914237709,929.416339997092,979.063199613804,380.785805369112,683.87202510038,262.540911093944,902.133144016883,802.250593196832,384.768038243379,399.827478223643,384.191156554087,0.178178784056767,65.2298962557393,271.859481852146,541.373081765665,74.6576813230714,197.786198531769,432.199259174228,339.330625600466,763.822941295732,759.094016492184,448.45582365567,318.433843805753,275.525557221474,369.486385784166,698.868160270979,231.264038075753,246.277515257386,645.255146446371,434.722437967075,854.533835537952,618.71915600097,738.888291819945,321.451247595636,842.884874427538
Plant39,3.35697829761614,993.634591372486,157.211743497882,290.78711967713,450.974132702801,769.583509612253,814.418858666675,659.042189002957,904.228516602298,602.927423239731,290.012146409607,989.658351038413,11.8466606602275,378.128897005694,604.668317954445,36.1618943421035,631.072104385771,565.365084701654,552.713696107816,210.627788239606,63.5340166757144,659.844404419606,104.652864056105,26.7319639495421,464.224212086226,384.001741989026,571.686790024727,793.281488907002,462.289781129989,364.303844582207,368.571727659057,972.70194093803,154.743766214562,711.983540449613,143.714635340691,530.466929082326,696.446030565443,877.928104982247,54.2749865808496,983.55174784166,7.19948232049329,232.270692102343,773.655275038672,244.673754308653,67.3288051375685,85.9663968540919,154.677312561866,706.475494111007,291.741945997117,344.799289550522,839.675276523251,140.198195481829,698.82623427543,836.285691312166,199.761081591058,707.872759709118,563.019098691505,86.3578540489263,854.447105947612,439.977384230157,231.267515434405,196.199352334196,280.661493321171,282.174338168208,54.0372594938842,135.730253491572,903.86705396349,885.356633713555,782.169203536689,112.703725113662,420.891329571433,695.047606675066,85.2182763125233,332.133551682165,367.340644446101,552.703922617039,916.62162278871,813.431379207339,879.021918934419,667.599179922486,411.963793334875,667.954269172319,934.043089180034,549.035715440048,292.220782073542,26.7125086917479,784.600840057243,370.030796547083,263.333242675261,488.024569049336,207.091609748977,356.013741322264,385.766533254428,905.991073620851,137.73771326158,99.6636875125289,138.588045240287,556.101005721446,52.1204794175261,246.14811280431
Plant40,943.435499802664,520.551411214311,542.884281894348,43.7750037676039,645.066275550981,30.9323291285519,765.373292057986,649.470492911159,111.966605433443,504.974277162994,259.709836160324,906.152122682306,89.4615464628256,627.563900101451,990.873965798805,534.593495536907,799.972085596489,898.627095452807,47.76449525857,81.6184506866909,633.908761978295,317.811785460558,335.654538761211,121.393684208292,12.9938603175229,559.189601345599,578.285375622832,825.899424908599,945.684013672944,383.569147907095,510.220813334436,61.4990020187498,934.826169163351,343.70663293542,297.82080316235,254.970628651545,134.684604094847,537.926791550108,232.399502173756,71.3549953377102,798.727275944208,185.943653397731,747.114187313361,235.762888171951,645.137355861328,799.579851175522,26.6276755088769,784.752663553754,738.773046557916,72.7100783309482,954.037197272785,152.938647022237,11.7682591841536,808.817930466504,104.557351237638,423.225575789034,606.303421505571,776.477583791399,361.891994505083,414.018619760887,803.17573022893,499.687156054109,75.5509581183262,614.862515073236,919.658238338226,464.965341920411,287.77058180763,34.3960372462288,709.895916200489,204.440208942354,437.543063633311,837.430145713829,695.450621822146,256.617555970787,945.598996254649,722.528819401659,598.462321937657,802.6190302388,656.206383464716,348.372860679437,631.635284696124,605.162721264496,813.527189020129,668.149599229875,475.547803057853,504.723235118367,783.858338904232,329.919602942179,534.965910316664,148.128968439151,200.086658702658,513.225034274456,833.674745119862,880.512685205117,943.979858263742,635.712875905639,747.353836534099,805.392255540697,243.9780729544,707.462341844429
Plant41,169.813516273379,737.384426337229,306.543572653972,589.281785976773,981.670865412617,289.088640223671,247.172952575879,867.834980075284,972.217903446604,665.056239518809,817.467752342781,665.939400075238,502.946834276369,173.27143212166,282.864915135291,766.28218274036,22.1661237235167,805.359969127371,460.515560904416,433.932282066848,867.573917034582,393.874419492229,281.395666171069,42.5988243676402,901.275893090872,662.5300540579,992.226953821385,301.095960287245,72.548907285848,64.2144526944709,904.149255686685,384.335123916961,51.5822023157079,12.1847146197646,872.585970307589,274.638651878294,810.766890598662,360.255830165219,887.500322095051,68.4658010448901,538.096298823599,108.871385911425,198.645908629286,476.986679312787,807.193936825107,17.0438585913881,893.218321273102,556.73220291778,856.118765457369,867.143749996696,355.947365618229,233.554984753228,850.947427426049,125.846978535832,818.549368096418,745.05752358121,539.411183869522,901.572066355548,180.818406731207,330.272641593124,503.28552221523,835.558440018757,439.538483285743,841.789269181277,580.748194505239,551.943938145737,131.16888679386,404.561575925552,32.3836809340594,788.356676171626,304.9151546309,993.491153047617,618.257024718543,653.212156009504,521.460322482556,795.323188433753,665.218124683088,858.046498844277,484.798378067072,979.944980444639,165.54333637326,677.307043038156,510.315345236737,809.904092388065,149.923840745389,10.4039796811444,464.646861590866,888.58894243227,950.536583401445,452.540910008002,499.181544091228,733.793727017936,768.340239399837,495.768836360222,971.625547999588,692.275539175981,821.446397879865,64.2426782307487,851.478530305705,842.350600533069
Plant42,892.965831150535,405.868968388821,15.2325770877076,108.401300580813,948.627921425134,197.564058011991,125.366251572479,422.825390292009,460.695367988638,519.803862024237,124.574409052104,576.885718634384,776.490157139237,973.168348021485,285.259446973183,146.389815221388,311.90321791697,307.146282149772,653.253621387501,567.125236015641,204.41595556758,905.632309187079,864.94002275888,188.28345386611,301.868847028639,424.714832488386,647.898680578499,426.521157676509,475.345752174506,927.998817989779,747.712756673245,153.795295878855,381.395905827407,233.720179912395,927.051279911449,948.746377179831,557.025811236753,85.3046438045829,197.038618702388,38.3673331191271,258.784246534805,907.169359325796,814.481256285289,810.965555513552,487.243963979428,521.140121646685,296.00948807887,996.369257463239,541.870685294435,12.7484714835563,309.105922873284,189.145870019584,930.297736120107,399.741949295265,901.485520905825,25.0658155829196,26.0208763957793,223.404703615087,693.285400323683,106.573093569048,566.050882327802,997.700981664207,629.587236314178,430.875112716172,19.6085661589885,982.917383528859,567.441860721891,970.972122296949,626.240655330095,244.835162740101,908.406416987087,1.5225382429112,670.477115833111,627.637368997057,775.430735479801,752.316219566234,687.201240120463,873.174279755863,806.642414945967,432.18663737605,311.376842552016,349.626087279886,240.423619191845,845.242836811839,677.059725352916,633.986654404252,806.993488158086,472.322557180143,805.535118103779,322.948317099336,60.0239054624933,550.129830663445,881.272492070874,655.557552210699,543.852572511975,565.8332099412,946.297340322365,656.015585308579,0.547431610398717,114.006211583919
Plant43,125.948067303728,272.6790488911,955.883044944981,249.089743478714,746.488203391416,829.87059919082,301.251414832653,273.590539030348,454.352767977629,406.625577411069,751.955461067074,275.302349826761,302.94786182022,732.572850135996,327.052110923343,828.826181177375,73.818702706285,606.218610029536,372.41429890713,826.06624376495,207.971970661384,478.019123697842,207.531673787541,635.136048852792,768.978904218895,202.999046639339,822.691381041942,144.942724943085,690.197851111618,54.3216591484489,469.555404929579,147.144987617604,967.892026347423,357.585064796851,814.921073211538,330.192834722389,947.537921880132,327.597376000071,661.382014492211,164.456416437823,996.987372664408,598.871470050815,450.801069115604,575.33184124257,766.421697819828,892.120239840051,77.5399595108079,354.06591175239,498.567686038415,138.683293953392,661.878430338194,895.258320903549,993.5743014936,320.155036605282,734.448175113043,978.682747781238,128.66721739489,963.123392256423,363.313633635433,41.2782599997039,13.7115599271179,582.0713821823,98.4654655765267,631.681018306186,286.725348017993,801.221688470239,77.008509124849,48.8637652441445,709.651627063286,364.982865402159,972.568330509656,771.370380747028,924.267803837381,309.131916906725,735.100007209879,984.358342329224,513.042128780164,507.158192979813,500.815996063519,152.502639742178,750.583703294517,482.93370270899,818.77703837091,692.67931162139,733.87947126153,588.152335199698,747.258159514682,946.417923183927,817.904666380183,650.093002003503,580.123090461004,189.158565516948,565.585332193395,176.919771721414,434.348086365985,954.027132204422,332.76895213617,873.24159513319,151.231392747034,836.183383794444
Plant44,554.510337920664,99.0805211641066,977.059325058785,961.369145214128,235.131065318057,679.28630615082,341.058730878443,870.600439012465,349.839182423519,242.044328623829,168.526470938784,764.708939716719,671.279206177959,468.808754356061,464.058421915704,701.889381805105,551.390681827509,414.510014045639,132.668837372745,872.353587853748,659.410635093241,317.322057321176,871.796191951718,871.613530355414,256.180662145173,465.44582478438,618.187589450411,172.893861172625,465.555230890379,252.497209313286,181.764810724851,350.823719756831,741.302106564893,609.726441835583,801.496821549186,521.986910444491,342.257659987196,0.24796151780282,428.408005357961,396.727773856495,771.727416233403,241.385484426958,378.595544434351,455.281356856028,476.103627529699,690.27857972116,360.328071794394,666.333771840065,726.36692693391,646.423783089218,164.805305370482,235.79021591255,971.929860576978,1.38955679807872,997.557692278948,855.023496179267,558.504110937927,844.732131019259,429.853103834365,383.616559761423,869.743481498801,90.7087558741558,235.788225839684,761.168961223736,152.99321403074,777.938695870373,444.764958767049,547.115831823091,520.489299760593,699.025917411282,640.093009986559,444.755539763193,248.345001266927,28.5437261333198,923.776312628146,23.8428311223401,279.549365392977,602.67830380687,954.077107709473,453.51060821717,423.056432609866,905.332640885553,821.066985798146,225.725359147765,40.8122956280424,343.764698179339,482.155578417525,399.34502684604,533.675630244637,272.993774790592,778.490444486227,510.973269665685,877.489592603154,554.424066963063,247.786367990841,766.535170576439,197.978293418127,183.672697219022,538.830748171173,939.546070418386
Plant45,620.973263921071,450.42192197166,630.529056629184,428.835652093153,942.323076353627,690.381065802034,218.879942537701,169.222947241342,406.438231820376,907.865784271949,840.233240557505,440.828209936522,457.241222299484,762.601226831019,471.02723515099,661.503962423661,408.535152627689,685.977319378658,502.533120363617,775.431403932477,769.15293451703,524.862115867111,45.5712654435981,721.970407358696,812.867948386359,713.46192974116,61.7609305251254,731.147512113951,218.050307342,605.421695116847,268.112045414618,642.862799669171,400.594334642671,469.031335548536,298.361249704345,843.970197009085,94.3640654166965,750.618534751556,464.981157220266,327.957779865325,117.047926783101,859.22672900386,118.425896844929,182.569469180279,24.3059463099548,983.441627512114,578.446501486291,423.856694004233,646.930069137819,521.009374198621,835.012214977707,309.639797516821,438.814498914997,967.864993333527,555.031396987444,252.305514395842,636.535806639373,808.714357293045,339.023329370255,334.131642092558,393.316990425277,887.418663328361,378.977475766875,63.9796067185088,428.206827406772,30.9174167360846,179.633012827183,666.77515985774,212.574664856868,739.327241910055,859.077931843059,837.027313964371,456.756334614166,258.696395838686,806.576493683086,75.5648958607679,469.81640400163,633.04549950837,728.89754601418,12.4231408599849,947.572920887714,950.744322229811,16.8646308911337,460.291823137399,611.443250974638,501.167201368359,950.858501272354,644.853748857654,690.835270243887,142.52123645728,146.990704535546,67.9565903632933,19.3454785485568,273.495660121779,393.726059439336,537.838877330206,985.886446529826,967.871516892393,947.376770845449,452.002129473625
Plant46,327.175206831403,186.747590212269,942.447511614764,997.917406507217,859.461039023439,365.887250804,980.797134155088,502.772904091441,19.3282459415775,699.351156233059,550.738978043776,798.033184577763,858.170686516394,466.78183856137,77.6155782405169,538.609669976858,319.966878335268,140.321383572835,309.257170812786,972.362926387784,808.232558216121,482.861258293951,649.250366066897,76.7751322254271,470.873574552956,500.821952739502,504.901946680489,745.035267415034,139.691965059557,491.979641761,440.729695688221,23.0339374306624,722.132424894005,993.718574722953,547.511641983765,936.68476247297,943.178610258545,950.424357293296,535.690927332698,481.757733022041,910.517660996338,854.210125837246,762.981575715982,241.723305639032,496.073238443464,389.252060616517,86.1221751413631,10.6757746716672,474.550293084237,435.126191025113,311.024369934165,697.847086474196,630.640301601843,205.257003399918,434.061281680881,32.6825585735179,411.378252082802,109.685946118654,143.316370387953,563.528824526411,81.3999007079797,618.939638846752,247.343198448416,949.58884097318,574.639122904087,143.594965500567,781.668757710859,667.091493581825,97.7755683247208,613.695963602167,886.854331962259,733.405854782481,293.166067829928,561.58748442828,428.102429832077,67.3380305639479,164.414159699831,209.000327052066,598.714214988206,636.173440435771,765.376226077205,286.609439560001,637.813730887424,513.736733426973,630.194697624075,618.695167082938,75.1035718514256,424.677810388582,397.202657177283,835.851808508159,825.322280361582,708.643832494003,512.955195283057,602.666335409813,387.389826508781,191.354892257826,18.5076498812627,864.087394555807,768.115724389431,323.443652240689
Plant47,9.84504089033697,940.042110929121,196.54705075144,588.138935020723,939.616427272028,993.743173365119,578.531908049594,900.778055577555,857.446411791115,801.764876255189,490.866602603363,446.47413804289,248.333835819801,509.796003202143,312.290775770449,897.65208828205,836.594712912564,499.196481492955,556.893635521832,956.784446871797,68.8301131643105,284.881883019668,744.590783628912,687.856656772657,656.595150691517,539.014605527004,987.222128122384,849.135768168221,485.245655670934,800.92737235689,609.83431916969,137.138782172296,181.437555660314,995.952197387103,488.596404196449,698.179099031885,120.313854465207,877.400925278763,378.516634084169,780.110305700545,514.760320212523,101.941538713983,733.67423779494,735.44338265185,582.424026818077,806.574384357524,960.375462381792,520.730925896486,853.783766135727,569.396579646966,537.120672423243,666.849248270599,853.040276968981,902.431847903431,695.209915849943,571.838745653115,700.441777602135,380.696863676382,40.4156596906241,829.956827384538,273.36114741539,348.689344464446,113.547384174701,430.308347654981,114.594458255889,212.338666274598,995.471395516308,527.713756709946,798.681606706485,753.758693915407,686.088217217658,327.703510771173,875.511719825503,749.494510928235,209.09725019411,303.267470104638,371.661746005878,13.8199015897171,351.570281831048,621.298240876376,751.298940311704,798.940134749777,464.271419742,116.034457490901,327.50911556485,189.624710299405,415.730919035142,630.742729882435,14.3146373281922,766.782340136895,350.94726208186,28.1076073997751,514.657381980151,344.440728483608,490.833856981007,148.53712168323,83.5210468547326,851.141232840698,770.12930571064,742.658133218235
Plant48,120.98321476973,912.7907040847,959.417521899795,646.894197231176,927.874571490544,847.702084681135,561.346667482238,621.739027787584,487.013342483245,987.735807379751,873.931171965885,877.487564541455,494.506995317603,696.359013003625,229.401238017681,423.304421496236,362.720348055024,155.324422574748,329.590205865008,26.8393674221196,41.4008742743734,409.997027143685,370.94210362159,331.444665601785,482.671636540025,679.787479231222,582.481847318746,578.72808794696,592.559965296985,99.812543230871,822.990322084512,155.435947140188,291.353203271937,72.7519616930101,328.537061231796,52.9177234588987,329.029375489631,917.894897926391,355.71866060952,542.908157879664,966.311866896299,70.7996878684047,610.369453703209,658.633427529654,763.639432426768,549.702165302391,903.010134612901,700.50374024874,776.368662522385,938.254123150047,626.637336872686,109.954798565488,284.929650308254,516.484814409112,781.88494130715,336.292976566093,371.05971834416,297.595599455174,963.879967624337,864.128794761103,192.684186165648,135.881870414291,585.532039539773,634.159920251396,977.325384846808,109.888679271695,711.760816820011,478.947770710948,82.0263304699468,346.26074209602,91.9678499127726,119.435428822285,942.274343946765,710.67597357169,938.84005147266,80.5055621840957,750.480647789377,490.333651096418,679.442738608402,752.290130830623,900.02583361388,737.450153831268,834.25892091411,749.827019975566,533.83598523671,544.433101215278,171.784356077868,777.598583469284,249.29042189841,217.544025760303,779.037638578075,526.51483088254,112.557724040206,577.016912692134,478.22836605553,987.599762342993,664.603033764214,747.517836263537,667.431917577505,893.758509552546
Plant49,367.410567085073,940.546900067958,3.63687063468939,38.9649150657909,648.558807006577,586.049037327447,604.228181520487,698.676365235585,313.416100536098,75.700674567665,638.812890519296,920.947437371964,780.994568886552,592.9452642978,520.969605998316,221.750731474268,379.957458039473,516.144914821625,717.240013382693,99.8128543207369,890.227203286449,851.977738588249,150.742133468198,980.228167392665,536.645790793479,791.977695752688,249.702970357379,518.316091160664,139.997661121732,489.540709119487,410.454903674251,786.347604478778,88.8330643528109,610.571473315486,857.712658267414,322.918328475814,377.628690225231,771.325953619666,990.81141127391,406.415606187244,572.372691900762,919.218162377392,788.421911149141,790.495101363906,461.741515657362,483.432341916956,279.05963099707,87.7800220603271,35.9711056412249,453.583354267444,94.7639009833815,909.869065661172,953.136729355249,370.897883304238,562.251905735616,95.4880516431595,72.3659424611212,805.848957427019,233.062696202036,317.711700096437,141.027302141393,39.1441198799088,655.817097617508,339.410526990551,432.860370933797,691.992640102465,637.461843960669,443.915076170625,684.566243098718,573.139137964345,959.468202461944,938.089402197624,286.341252818654,686.637137216801,846.411367479874,964.972575625518,57.7968084045912,194.986037150777,798.86710395651,343.510120393054,39.7920686916676,80.0469108477047,707.297086393204,479.3900595216,656.723026209077,727.502224022284,249.497077146598,294.089466951363,613.134032522424,404.090676558751,274.865646617174,741.512955558607,651.654528842147,657.328246853259,524.851441528597,597.642534444535,303.343427231867,259.683275970638,450.039199629428,488.195726891517
Plant50,330.248349922596,385.059660442775,864.345777948583,447.115695963041,161.365745046562,742.273973798722,771.570309714384,445.504703896902,458.923184748933,857.983540260278,79.2741154910552,762.530611996189,684.163467311414,355.519884105809,961.004450268399,540.99857702747,707.07430993174,54.0302468085804,698.855962001555,311.909065063044,413.371743367673,803.992401889246,262.490476965477,842.49705027509,75.3712985141472,52.4087843505837,980.375436283007,877.509263041389,246.583250536072,939.651190594731,47.956119512778,902.88188349937,4.43397430774157,384.287782894209,990.226983619328,58.6613601534827,467.984908201156,828.42658566166,901.537461920694,870.646114077739,479.332154024573,987.267259929489,328.653576901709,792.886948103937,28.1565343514785,818.110974404483,389.076681939809,416.093612339379,993.040559338182,822.772851418511,933.309736803648,39.8218335346399,932.998691836865,99.4495771543875,231.709414095461,429.512842258424,82.8356039266359,406.77299961433,870.671803618885,144.209786047056,8.39656265393177,78.7372437835488,70.0844475553279,857.144698057268,729.931241488331,352.686029553349,17.2941490455268,347.759135552521,891.920496686287,674.25050139135,625.775706265337,328.610519117764,77.258097446385,942.391311840082,596.309631479967,781.435784481374,791.755733938161,748.830444040543,108.630776583261,219.179096160352,956.874353152932,143.031401088445,55.8374523082466,873.214844856975,862.981812246746,617.753246225246,490.90468067539,971.005581681544,976.342950229619,777.777081982893,269.671437866509,56.3983875553534,395.126601374253,117.91344808913,381.163629859315,659.841743209294,502.999101381196,379.246393450151,815.66879998842,164.421154933279
